species_code,life_stage,gear_code,catchability
ALB,NA,OTB,0.1
ALB,NA,PS,0.1
ANE,adult,OTB,0.1
ANE,juvenile,OTB,0.1
ANE,adult,PS,0.1
ANE,juvenile,PS,0.1
ANK,NA,OTB,0.1
ANK,NA,PS,0.1
ARA,NA,OTB,0.1
ARA,NA,PS,0.1
BFT,NA,OTB,0.1
BFT,NA,PS,0.1
BIB,NA,OTB,0.1
BIB,NA,PS,0.1
BLL,NA,OTB,0.1
BLL,NA,PS,0.1
BOG,NA,OTB,0.1
BOG,NA,PS,0.1
BON,NA,OTB,0.1
BON,NA,PS,0.1
BOY,NA,OTB,0.1
BOY,NA,PS,0.1
BRF,NA,OTB,0.1
BRF,NA,PS,0.1
BSH,NA,OTB,0.1
BSH,NA,PS,0.1
CIL,NA,OTB,0.1
CIL,NA,PS,0.1
COE,NA,OTB,0.1
COE,NA,PS,0.1
DBO,NA,OTB,0.1
DBO,NA,PS,0.1
DRR,NA,OTB,0.1
DRR,NA,PS,0.1
DST,NA,OTB,0.1
DST,NA,PS,0.1
EOI,NA,OTB,0.1
EOI,NA,PS,0.1
FAM,NA,OTB,0.1
FAM,NA,PS,0.1
GLI,NA,OTB,0.1
GLI,NA,PS,0.1
GRQ,NA,OTB,0.1
GRQ,NA,PS,0.1
HKE,adult,OTB,0.1
HKE,juvenile,OTB,0.1
HKE,adult,PS,0.1
HMM,NA,OTB,0.1
HMM,NA,PS,0.1
HOM,NA,OTB,0.1
HOM,NA,PS,0.1
HQB,NA,OTB,0.1
HQB,NA,PS,0.1
JAA,NA,OTB,0.1
JAA,NA,PS,0.1
JDP,NA,OTB,0.1
JDP,NA,PS,0.1
JRS,NA,OTB,0.1
JRS,NA,PS,0.1
LDB,NA,OTB,0.1
LDB,NA,PS,0.1
LDV,NA,OTB,0.1
LDV,NA,PS,0.1
LKO,NA,OTB,0.1
LKO,NA,PS,0.1
LKT,NA,OTB,0.1
LKT,NA,PS,0.1
LQZ,NA,OTB,0.1
LQZ,NA,PS,0.1
LXQ,NA,OTB,0.1
LXQ,NA,PS,0.1
MAC,NA,OTB,0.1
MAC,NA,PS,0.1
MON,NA,OTB,0.1
MON,NA,PS,0.1
MTS,NA,OTB,0.1
MTS,NA,PS,0.1
MUT,adult,OTB,0.1
MUT,juvenile,OTB,0.1
MUT,adult,PS,0.1
MUT,juvenile,PS,0.1
NEP,NA,OTB,0.1
NEP,NA,PS,0.1
OCC,NA,OTB,0.1
OCC,NA,PS,0.1
OLV,NA,OTB,0.1
OLV,NA,PS,0.1
OQT,NA,OTB,0.1
OQT,NA,PS,0.1
OUL,NA,OTB,0.1
OUL,NA,PS,0.1
OUM,NA,OTB,0.1
OUM,NA,PS,0.1
PAC,NA,OTB,0.1
PAC,NA,PS,0.1
PIL,adult,OTB,0.1
PIL,juvenile,OTB,0.1
PIL,adult,PS,0.1
PIL,juvenile,PS,0.1
PIW,NA,OTB,0.1
PIW,NA,PS,0.1
POD,NA,OTB,0.1
POD,NA,PS,0.1
RJC,NA,OTB,0.1
RJC,NA,PS,0.1
SAA,NA,OTB,0.1
SAA,NA,PS,0.1
SBA,NA,OTB,0.1
SBA,NA,PS,0.1
SCK,NA,OTB,0.1
SCK,NA,PS,0.1
SFS,NA,OTB,0.1
SFS,NA,PS,0.1
SHO,NA,OTB,0.1
SHO,NA,PS,0.1
SKM,NA,OTB,0.1
SKM,NA,PS,0.1
SOO,NA,OTB,0.1
SOO,NA,PS,0.1
SPC,NA,OTB,0.1
SPC,NA,PS,0.1
SPW,NA,OTB,0.1
SPW,NA,PS,0.1
SQE,NA,OTB,0.1
SQE,NA,PS,0.1
SQM,NA,OTB,0.1
SQM,NA,PS,0.1
SRG,NA,OTB,0.1
SRG,NA,PS,0.1
SRJ,NA,OTB,0.1
SRJ,NA,PS,0.1
SWO,NA,OTB,0.1
SWO,NA,PS,0.1
SYC,NA,OTB,0.1
SYC,NA,PS,0.1
TSU,NA,OTB,0.1
TSU,NA,PS,0.1
TTL,NA,OTB,0.1
VMA,NA,OTB,0.1
VMA,NA,PS,0.1
WHB,NA,OTB,0.1
WHB,NA,PS,0.1
